n,y=x^2,y=3x^2
1,1e-09,3e-09
2,4e-09,1.2e-08
4,1.6e-08,4.8e-08
8,6.4e-08,1.92e-07
16,2.56e-07,7.68e-07
32,1.024e-06,3.072e-06
64,4.096e-06,1.2288e-05
128,1.6384e-05,4.9152e-05
256,6.5536e-05,0.000196608
512,0.000262144,0.000786432
1024,0.001048576,0.003145728
2048,0.004194304,0.012582912
4096,0.016777216,0.050331648
8192,0.067108864,0.201326592
16384,0.268435456,0.805306368
32768,1.073741824,3.221225472
65536,4.294967296,12.88490189
131072,17.17986918,51.53960755
262144,68.71947674,206.1584302
524288,274.8779069,824.6337207
1048576,1099.511628,3298.534883
2097152,4398.046511,13194.13953
4194304,17592.18604,52776.55813
